feature,coefficient
is_healthy,-7.777907099898551e-16
log_minutes,-2.7462841029057827e-16
log_n_ingredients,-5.011597487372156e-16
recipe_mean_rating,0.9999999999999838
recipe_num_ratings,1.356336917779366e-16
