split,model,accuracy,precision,recall,f1,roc_auc,log_loss,brier_score
train,Logistic Regression,0.9539474937908518,0.9597059325939749,0.9933347789101463,0.9762308330355358,0.9085210064874367,0.13143700220290308,0.03668029146129432
validation,Logistic Regression,0.9579067868972442,0.9635301727418004,0.9936044572616876,0.9783362469455363,0.9180019347805515,0.11931959796256304,0.03313400874891565
test,Logistic Regression,0.959275102098296,0.9653638669572363,0.9931180226949051,0.9790442891498603,0.9194480990784999,0.11643755589842758,0.03220849196813347
