model,accuracy,precision,recall,f1,roc_auc,log_loss,brier_score,split
Logistic Regression,0.959275102098296,0.9653721798467337,0.9931088344742041,0.9790440993310597,0.9194413131326108,0.11644116488021579,0.032213442553365786,test
User Average,0.9564145894944374,0.9588188009575379,0.9973354159966923,0.977697913007449,0.7070328046096233,0.4754159899746316,0.040823527959588,
Recipe Average,0.9561593437544008,0.9581120423467138,0.9978591445766527,0.9775817449422778,0.6027124084902657,0.7983009656018557,0.04448178841092786,
Global Average,0.9579196592029292,0.9579196592029292,1.0,0.9785076263986227,0.5,0.17489127568062288,0.04034387322945854,
