split,model,accuracy,precision,recall,f1,roc_auc,log_loss,brier_score
train,Logistic Regression,0.9539284375813859,0.9597229340114939,0.9932947475522492,0.9762202958610922,0.9085118869517425,0.13143944670383517,0.036684510526061795
validation,Logistic Regression,0.9579067868972442,0.9635389913056713,0.9935946481470582,0.9783360377066914,0.9179975718763139,0.11932040807979466,0.03313888865649249
test,Logistic Regression,0.959275102098296,0.9653721798467337,0.9931088344742041,0.9790440993310597,0.9194413131326108,0.11644116488021579,0.032213442553365786
