model,accuracy,precision,recall,f1,roc_auc,log_loss,brier_score,split
Logistic Regression,0.959275102098296,0.9653638669572363,0.9931180226949051,0.9790442891498603,0.9194480990784999,0.11643755589842758,0.03220849196813347,test
User Average,0.9564145894944374,0.9588188009575379,0.9973354159966923,0.977697913007449,0.7070328046096233,0.4754159899746316,0.040823527959588,
Recipe Average,0.9561593437544008,0.9581120423467138,0.9978591445766527,0.9775817449422778,0.6027124084902657,0.7983009656018557,0.04448178841092787,
Global Average,0.9579196592029292,0.9579196592029292,1.0,0.9785076263986227,0.5,0.1748912756806229,0.04034387322945854,
